objectid,filename,format,image_thumb,title,Company Name,Headquarters,latitude,longitude,date,rights,rightsstatement,source,sourceurl,Successor company,Predecessor compnay 
Elks4469_1973,https://archive.org/details/Elks4469_1973/mode/2up?view=theater,application/pdf,https://archive.org/services/img/Elks4469_1973,Elks Stores Ltd (1973),Elks Stores Ltd,Toronto ON,43.6532,-79.3832,1973,In Copyright,https://rightsstatements.org/page/InC/1.0/?language=en,"Lynch Annual Report Collection, University of Alberta Library",https://archive.org/details/larc,,
Elks4469_1974,https://archive.org/details/Elks4469_1974/mode/2up?view=theater,application/pdf,https://archive.org/services/img/Elks4469_1974,"Elks Stores Ltd - Annual Report, Shareholders Notice (1974)",Elks Stores Ltd,Toronto ON,43.6532,-79.3832,1974,In Copyright,https://rightsstatements.org/page/InC/1.0/?language=en,"Lynch Annual Report Collection, University of Alberta Library",https://archive.org/details/larc,,
Elks4469_1975,https://archive.org/details/Elks4469_1975/mode/2up?view=theater,application/pdf,https://archive.org/services/img/Elks4469_1975,Elks Stores Ltd (1975),Elks Stores Ltd,Toronto ON,43.6532,-79.3832,1975,In Copyright,https://rightsstatements.org/page/InC/1.0/?language=en,"Lynch Annual Report Collection, University of Alberta Library",https://archive.org/details/larc,,
Elks4469_1976,https://archive.org/details/Elks4469_1976/mode/2up?view=theater,application/pdf,https://archive.org/services/img/Elks4469_1976,Elks Stores Ltd (1976),Elks Stores Ltd,Toronto ON,43.6532,-79.3832,1976,In Copyright,https://rightsstatements.org/page/InC/1.0/?language=en,"Lynch Annual Report Collection, University of Alberta Library",https://archive.org/details/larc,,
Elks4469_1977,https://archive.org/details/Elks4469_1977/mode/2up?view=theater,application/pdf,https://archive.org/services/img/Elks4469_1977,Elks Stores Ltd (1977),Elks Stores Ltd,Toronto ON,43.6532,-79.3832,1977,In Copyright,https://rightsstatements.org/page/InC/1.0/?language=en,"Lynch Annual Report Collection, University of Alberta Library",https://archive.org/details/larc,,
Elks4469_1978,https://archive.org/details/Elks4469_1978/mode/2up?view=theater,application/pdf,https://archive.org/services/img/Elks4469_1978,Elks Stores Ltd (1978),Elks Stores Ltd,Toronto ON,43.6532,-79.3832,1978,In Copyright,https://rightsstatements.org/page/InC/1.0/?language=en,"Lynch Annual Report Collection, University of Alberta Library",https://archive.org/details/larc,,
Fiel2324_1969,https://archive.org/details/Fiel2324_1969/mode/2up?view=theater,application/pdf,https://archive.org/services/img/Fiel2324_1969,Fields Stores Ltd (1969),Fields Stores Ltd,Vancouver BC,49.2827,-123.1207,1969,In Copyright,https://rightsstatements.org/page/InC/1.0/?language=en,"Lynch Annual Report Collection, University of Alberta Library",https://archive.org/details/larc,,
Fiel2324_1971,https://archive.org/details/Fiel2324_1971/mode/2up?view=theater,application/pdf,https://archive.org/services/img/Fiel2324_1971,Fields Stores Ltd (1971),Fields Stores Ltd,Vancouver BC,49.2827,-123.1207,1971,In Copyright,https://rightsstatements.org/page/InC/1.0/?language=en,"Lynch Annual Report Collection, University of Alberta Library",https://archive.org/details/larc,,
Fiel2324_1972,https://archive.org/details/Fiel2324_1972/mode/2up?view=theater,application/pdf,https://archive.org/services/img/Fiel2324_1972,Fields Stores Ltd (1972),Fields Stores Ltd,Vancouver BC,49.2827,-123.1207,1972,In Copyright,https://rightsstatements.org/page/InC/1.0/?language=en,"Lynch Annual Report Collection, University of Alberta Library",https://archive.org/details/larc,,
Fiel2324_1973,https://archive.org/details/Fiel2324_1973/mode/2up?view=theater,application/pdf,https://archive.org/services/img/Fiel2324_1973,Fields Stores Ltd (1973),Fields Stores Ltd,Vancouver BC,49.2827,-123.1207,1973,In Copyright,https://rightsstatements.org/page/InC/1.0/?language=en,"Lynch Annual Report Collection, University of Alberta Library",https://archive.org/details/larc,,
Henr5011_1949,https://archive.org/details/Henr5011_1949/mode/2up?view=theater,application/pdf,https://archive.org/services/img/Henr5011_1949,Henry Morgan & Company Ltd - Prospectus (1949),Henry Morgan & Company Ltd,Montreal QC,45.5019,-73.5674,1949,In Copyright,https://rightsstatements.org/page/InC/1.0/?language=en,"Lynch Annual Report Collection, University of Alberta Library",https://archive.org/details/larc,Successor: The Morgan's department store operated under the Morgan name until 1972 when it was acquired by the Hudson's Bay Company.,
Henr5011_1951,https://archive.org/details/Henr5011_1951/mode/2up?view=theater,application/pdf,https://archive.org/services/img/Henr5011_1951,Henry Morgan & Company Ltd - Prospectus (1951),Henry Morgan & Company Ltd,Montreal QC,45.5019,-73.5674,1951,In Copyright,https://rightsstatements.org/page/InC/1.0/?language=en,"Lynch Annual Report Collection, University of Alberta Library",https://archive.org/details/larc,Successor: The Morgan's department store operated under the Morgan name until 1972 when it was acquired by the Hudson's Bay Company.,
Huds1478_1966,https://archive.org/details/Huds1478_1966/mode/2up?view=theater,application/pdf,https://archive.org/services/img/Huds1478_1966,Hudson's Bay Company (1966),Hudson's Bay Company,Winnipeg MB,49.8954,-97.1385,1966,In Copyright,https://rightsstatements.org/page/InC/1.0/?language=en,"Lynch Annual Report Collection, University of Alberta Library",https://archive.org/details/larc,,
Huds1478_1967,https://archive.org/details/Huds1478_1967/mode/2up?view=theater,application/pdf,https://archive.org/services/img/Huds1478_1967,Hudson's Bay Company (1967),Hudson's Bay Company,Winnipeg MB,49.8954,-97.1385,1967,In Copyright,https://rightsstatements.org/page/InC/1.0/?language=en,"Lynch Annual Report Collection, University of Alberta Library",https://archive.org/details/larc,,
Huds1478_1968,https://archive.org/details/Huds1478_1968/mode/2up?view=theater,application/pdf,https://archive.org/services/img/Huds1478_1968,Hudson's Bay Company (1968),Hudson's Bay Company,Winnipeg MB,49.8954,-97.1385,1968,In Copyright,https://rightsstatements.org/page/InC/1.0/?language=en,"Lynch Annual Report Collection, University of Alberta Library",https://archive.org/details/larc,,
Huds1478_1969,https://archive.org/details/Huds1478_1969/mode/2up?view=theater,application/pdf,https://archive.org/services/img/Huds1478_1969,Hudson's Bay Company (1969),Hudson's Bay Company,Winnipeg MB,49.8954,-97.1385,1969,In Copyright,https://rightsstatements.org/page/InC/1.0/?language=en,"Lynch Annual Report Collection, University of Alberta Library",https://archive.org/details/larc,,
Huds1478_1970,https://archive.org/details/Huds1478_1970/mode/2up?view=theater,application/pdf,https://archive.org/services/img/Huds1478_1970,Hudson's Bay Company (1970),Hudson's Bay Company,Winnipeg MB,49.8954,-97.1385,1970,In Copyright,https://rightsstatements.org/page/InC/1.0/?language=en,"Lynch Annual Report Collection, University of Alberta Library",https://archive.org/details/larc,,
Huds1478_1971,https://archive.org/details/Huds1478_1971/mode/2up?view=theater,application/pdf,https://archive.org/services/img/Huds1478_1971,Hudson's Bay Company (1971),Hudson's Bay Company,Winnipeg MB,49.8954,-97.1385,1971,In Copyright,https://rightsstatements.org/page/InC/1.0/?language=en,"Lynch Annual Report Collection, University of Alberta Library",https://archive.org/details/larc,,
Huds1478_1972,https://archive.org/details/Huds1478_1972/mode/2up?view=theater,application/pdf,https://archive.org/services/img/Huds1478_1972,Hudson's Bay Company (1972),Hudson's Bay Company,Winnipeg MB,49.8954,-97.1385,1972,In Copyright,https://rightsstatements.org/page/InC/1.0/?language=en,"Lynch Annual Report Collection, University of Alberta Library",https://archive.org/details/larc,,
Huds1478_1973,https://archive.org/details/Huds1478_1973/mode/2up?view=theater,application/pdf,https://archive.org/services/img/Huds1478_1973,Hudson's Bay Company (1973),Hudson's Bay Company,Winnipeg MB,49.8954,-97.1385,1973,In Copyright,https://rightsstatements.org/page/InC/1.0/?language=en,"Lynch Annual Report Collection, University of Alberta Library",https://archive.org/details/larc,,
Huds1478_1974,https://archive.org/details/Huds1478_1974/mode/2up?view=theater,application/pdf,https://archive.org/services/img/Huds1478_1974,Hudson's Bay Company (1974),Hudson's Bay Company,Winnipeg MB,49.8954,-97.1385,1974,In Copyright,https://rightsstatements.org/page/InC/1.0/?language=en,"Lynch Annual Report Collection, University of Alberta Library",https://archive.org/details/larc,,
Huds1478_1975,https://archive.org/details/Huds1478_1975/mode/2up?view=theater,application/pdf,https://archive.org/services/img/Huds1478_1975,Hudson's Bay Company (1975),Hudson's Bay Company,Winnipeg MB,49.8954,-97.1385,1975,In Copyright,https://rightsstatements.org/page/InC/1.0/?language=en,"Lynch Annual Report Collection, University of Alberta Library",https://archive.org/details/larc,,
Huds1478_1976,https://archive.org/details/Huds1478_1976/mode/2up?view=theater,application/pdf,https://archive.org/services/img/Huds1478_1976,Hudson's Bay Company (1976),Hudson's Bay Company,Winnipeg MB,49.8954,-97.1385,1976,In Copyright,https://rightsstatements.org/page/InC/1.0/?language=en,"Lynch Annual Report Collection, University of Alberta Library",https://archive.org/details/larc,,
Huds1478_1977,https://archive.org/details/Huds1478_1977/mode/2up?view=theater,application/pdf,https://archive.org/services/img/Huds1478_1977,Hudson's Bay Company (1977),Hudson's Bay Company,Winnipeg MB,49.8954,-97.1385,1977,In Copyright,https://rightsstatements.org/page/InC/1.0/?language=en,"Lynch Annual Report Collection, University of Alberta Library",https://archive.org/details/larc,,
Huds1478_1978,https://archive.org/details/Huds1478_1978/mode/2up?view=theater,application/pdf,https://archive.org/services/img/Huds1478_1978,Hudson's Bay Company (1978),Hudson's Bay Company,Winnipeg MB,49.8954,-97.1385,1978,In Copyright,https://rightsstatements.org/page/InC/1.0/?language=en,"Lynch Annual Report Collection, University of Alberta Library",https://archive.org/details/larc,,
Huds1478_1982,https://archive.org/details/Huds1478_1982/mode/2up?view=theater,application/pdf,https://archive.org/services/img/Huds1478_1982,Hudson's Bay Company (1982),Hudson's Bay Company,Winnipeg MB,49.8954,-97.1385,1982,In Copyright,https://rightsstatements.org/page/InC/1.0/?language=en,"Lynch Annual Report Collection, University of Alberta Library",https://archive.org/details/larc,,
Huds1478_1983,https://archive.org/details/Huds1478_1983/mode/2up?view=theater,application/pdf,https://archive.org/services/img/Huds1478_1983,Hudson's Bay Company (1983),Hudson's Bay Company,Winnipeg MB,49.8954,-97.1385,1983,In Copyright,https://rightsstatements.org/page/InC/1.0/?language=en,"Lynch Annual Report Collection, University of Alberta Library",https://archive.org/details/larc,,
Huds1478_1984,https://archive.org/details/Huds1478_1984/mode/2up?view=theater,application/pdf,https://archive.org/services/img/Huds1478_1984,Hudson's Bay Company (1984),Hudson's Bay Company,Winnipeg MB,49.8954,-97.1385,1984,In Copyright,https://rightsstatements.org/page/InC/1.0/?language=en,"Lynch Annual Report Collection, University of Alberta Library",https://archive.org/details/larc,,
Huds3729_2001,https://archive.org/details/Huds3729_2001/mode/2up?view=theater,application/pdf,https://archive.org/services/img/Huds3729_2001,Hudson's Bay Company (2001),Hudson's Bay Company,Toronto ON,43.6532,-79.3832,2001,In Copyright,https://rightsstatements.org/page/InC/1.0/?language=en,"Lynch Annual Report Collection, University of Alberta Library",https://archive.org/details/larc,,
Peop1438_1969,https://archive.org/details/Peop1438_1969/mode/2up?view=theater,application/pdf,https://archive.org/services/img/Peop1438_1969,Peoples Department Stores Ltd (1969),Peoples Department Stores Ltd,Montreal QC,45.5019,-73.5674,1969,In Copyright,https://rightsstatements.org/page/InC/1.0/?language=en,"Lynch Annual Report Collection, University of Alberta Library",https://archive.org/details/larc,,
Peop1438_1971,https://archive.org/details/Peop1438_1971/mode/2up?view=theater,application/pdf,https://archive.org/services/img/Peop1438_1971,Peoples Department Stores Ltd - Listing Statement (1971),Peoples Department Stores Ltd,Montreal QC,45.5019,-73.5674,1971,In Copyright,https://rightsstatements.org/page/InC/1.0/?language=en,"Lynch Annual Report Collection, University of Alberta Library",https://archive.org/details/larc,,
Peop1438_1972,https://archive.org/details/Peop1438_1972/mode/2up?view=theater,application/pdf,https://archive.org/services/img/Peop1438_1972,Peoples Department Stores Ltd (1972),Peoples Department Stores Ltd,Montreal QC,45.5019,-73.5674,1972,In Copyright,https://rightsstatements.org/page/InC/1.0/?language=en,"Lynch Annual Report Collection, University of Alberta Library",https://archive.org/details/larc,,
Peop1438_1977,https://archive.org/details/Peop1438_1977/mode/2up?view=theater,application/pdf,https://archive.org/services/img/Peop1438_1977,Peoples Department Stores Ltd (1977),Peoples Department Stores Ltd,Montreal QC,45.5019,-73.5674,1977,In Copyright,https://rightsstatements.org/page/InC/1.0/?language=en,"Lynch Annual Report Collection, University of Alberta Library",https://archive.org/details/larc,,
Sear3613_1996,https://archive.org/details/Sear3613_1996/mode/2up?view=theater,application/pdf,https://archive.org/services/img/Sear3613_1996,Sears Canada Inc (1996),Sears Canada Inc,Toronto ON,43.6532,-79.3832,1996,In Copyright,https://rightsstatements.org/page/InC/1.0/?language=en,"Lynch Annual Report Collection, University of Alberta Library",https://archive.org/details/larc,,
Sear3613_1999,https://archive.org/details/Sear3613_1999/mode/2up?view=theater,application/pdf,https://archive.org/services/img/Sear3613_1999,Sears Canada Inc (1999),Sears Canada Inc,Toronto ON,43.6532,-79.3832,1999,In Copyright,https://rightsstatements.org/page/InC/1.0/?language=en,"Lynch Annual Report Collection, University of Alberta Library",https://archive.org/details/larc,,
Sear3613_2001,https://archive.org/details/Sear3613_2001/mode/2up?view=theater,application/pdf,https://archive.org/services/img/Sear3613_2001,Sears Canada Inc (2001),Sears Canada Inc,Toronto ON,43.6532,-79.3832,2001,In Copyright,https://rightsstatements.org/page/InC/1.0/?language=en,"Lynch Annual Report Collection, University of Alberta Library",https://archive.org/details/larc,,
Shir3619_1999,https://archive.org/details/Shir3619_1999/mode/2up?view=theater,application/pdf,https://archive.org/services/img/Shir3619_1999,Shirmax Fashions Ltd (1999),Shirmax Fashions Ltd,Montreal QC,45.5019,-73.5674,1999,In Copyright,https://rightsstatements.org/page/InC/1.0/?language=en,"Lynch Annual Report Collection, University of Alberta Library",https://archive.org/details/larc,,
Shir3619_2000,https://archive.org/details/Shir3619_2000/mode/2up?view=theater,application/pdf,https://archive.org/services/img/Shir3619_2000,Shirmax Fashions Ltd (2000),Shirmax Fashions Ltd,Montreal QC,45.5019,-73.5674,2000,In Copyright,https://rightsstatements.org/page/InC/1.0/?language=en,"Lynch Annual Report Collection, University of Alberta Library",https://archive.org/details/larc,,
Silk1156_1965,https://archive.org/details/Silk1156_1965/mode/2up?view=theater,application/pdf,https://archive.org/services/img/Silk1156_1965,Silknit Ltd (1965),Silknit Ltd,Toronto ON,43.6532,-79.3832,1965,In Copyright,https://rightsstatements.org/page/InC/1.0/?language=en,"Lynch Annual Report Collection, University of Alberta Library",https://archive.org/details/larc,,
Silk1156_1966,https://archive.org/details/Silk1156_1966/mode/2up?view=theater,application/pdf,https://archive.org/services/img/Silk1156_1966,Silknit Ltd (1966),Silknit Ltd,Toronto ON,43.6532,-79.3832,1966,In Copyright,https://rightsstatements.org/page/InC/1.0/?language=en,"Lynch Annual Report Collection, University of Alberta Library",https://archive.org/details/larc,,
Silk1156_1967,https://archive.org/details/Silk1156_1967/mode/2up?view=theater,application/pdf,https://archive.org/services/img/Silk1156_1967,Silknit Ltd (1967),Silknit Ltd,Toronto ON,43.6532,-79.3832,1967,In Copyright,https://rightsstatements.org/page/InC/1.0/?language=en,"Lynch Annual Report Collection, University of Alberta Library",https://archive.org/details/larc,,
Silk1156_1968,https://archive.org/details/Silk1156_1968/mode/2up?view=theater,application/pdf,https://archive.org/services/img/Silk1156_1968,Silknit Ltd (1968),Silknit Ltd,Toronto ON,43.6532,-79.3832,1968,In Copyright,https://rightsstatements.org/page/InC/1.0/?language=en,"Lynch Annual Report Collection, University of Alberta Library",https://archive.org/details/larc,,
Silk1156_1971,https://archive.org/details/Silk1156_1971/mode/2up?view=theater,application/pdf,https://archive.org/services/img/Silk1156_1971,Silknit Ltd (1971),Silknit Ltd,Toronto ON,43.6532,-79.3832,1971,In Copyright,https://rightsstatements.org/page/InC/1.0/?language=en,"Lynch Annual Report Collection, University of Alberta Library",https://archive.org/details/larc,,
Simp1163_1964,https://archive.org/details/Simp1163_1964/mode/2up?view=theater,application/pdf,https://archive.org/services/img/Simp1163_1964,Simpson's Ltd (1964),Simpson's Ltd,Toronto ON,43.6532,-79.3832,1964,In Copyright,https://rightsstatements.org/page/InC/1.0/?language=en,"Lynch Annual Report Collection, University of Alberta Library",https://archive.org/details/larc,,
Simp1163_1965,https://archive.org/details/Simp1163_1965/mode/2up?view=theater,application/pdf,https://archive.org/services/img/Simp1163_1965,Simpson's Ltd (1965),Simpson's Ltd,Toronto ON,43.6532,-79.3832,1965,In Copyright,https://rightsstatements.org/page/InC/1.0/?language=en,"Lynch Annual Report Collection, University of Alberta Library",https://archive.org/details/larc,,
Simp1163_1966,https://archive.org/details/Simp1163_1966/mode/2up?view=theater,application/pdf,https://archive.org/services/img/Simp1163_1966,Simpson's Ltd (1966),Simpson's Ltd,Toronto ON,43.6532,-79.3832,1966,In Copyright,https://rightsstatements.org/page/InC/1.0/?language=en,"Lynch Annual Report Collection, University of Alberta Library",https://archive.org/details/larc,,
Simp1163_1967,https://archive.org/details/Simp1163_1967/mode/2up?view=theater,application/pdf,https://archive.org/services/img/Simp1163_1967,Simpson's Ltd (1967),Simpson's Ltd,Toronto ON,43.6532,-79.3832,1967,In Copyright,https://rightsstatements.org/page/InC/1.0/?language=en,"Lynch Annual Report Collection, University of Alberta Library",https://archive.org/details/larc,,
Simp1163_1968,https://archive.org/details/Simp1163_1968/mode/2up?view=theater,application/pdf,https://archive.org/services/img/Simp1163_1968,Simpson's Ltd (1968),Simpson's Ltd,Toronto ON,43.6532,-79.3832,1968,In Copyright,https://rightsstatements.org/page/InC/1.0/?language=en,"Lynch Annual Report Collection, University of Alberta Library",https://archive.org/details/larc,,
Simp1163_1969,https://archive.org/details/Simp1163_1969/mode/2up?view=theater,application/pdf,https://archive.org/services/img/Simp1163_1969,Simpson's Ltd (1969),Simpson's Ltd,Toronto ON,43.6532,-79.3832,1969,In Copyright,https://rightsstatements.org/page/InC/1.0/?language=en,"Lynch Annual Report Collection, University of Alberta Library",https://archive.org/details/larc,,
Simp1163_1970,https://archive.org/details/Simp1163_1970/mode/2up?view=theater,application/pdf,https://archive.org/services/img/Simp1163_1970,Simpson's Ltd (1970),Simpson's Ltd,Toronto ON,43.6532,-79.3832,1970,In Copyright,https://rightsstatements.org/page/InC/1.0/?language=en,"Lynch Annual Report Collection, University of Alberta Library",https://archive.org/details/larc,,
Simp1163_1971,https://archive.org/details/Simp1163_1971/mode/2up?view=theater,application/pdf,https://archive.org/services/img/Simp1163_1971,Simpson's Ltd (1971),Simpson's Ltd,Toronto ON,43.6532,-79.3832,1971,In Copyright,https://rightsstatements.org/page/InC/1.0/?language=en,"Lynch Annual Report Collection, University of Alberta Library",https://archive.org/details/larc,,
Simp1163_1972,https://archive.org/details/Simp1163_1972/mode/2up?view=theater,application/pdf,https://archive.org/services/img/Simp1163_1972,Simpson's Ltd (1972),Simpson's Ltd,Toronto ON,43.6532,-79.3832,1972,In Copyright,https://rightsstatements.org/page/InC/1.0/?language=en,"Lynch Annual Report Collection, University of Alberta Library",https://archive.org/details/larc,,
Simp1163_1973,https://archive.org/details/Simp1163_1973/mode/2up?view=theater,application/pdf,https://archive.org/services/img/Simp1163_1973,Simpson's Ltd (1973),Simpson's Ltd,Toronto ON,43.6532,-79.3832,1973,In Copyright,https://rightsstatements.org/page/InC/1.0/?language=en,"Lynch Annual Report Collection, University of Alberta Library",https://archive.org/details/larc,,
Simp1163_1974,https://archive.org/details/Simp1163_1974/mode/2up?view=theater,application/pdf,https://archive.org/services/img/Simp1163_1974,Simpson's Ltd (1974),Simpson's Ltd,Toronto ON,43.6532,-79.3832,1974,In Copyright,https://rightsstatements.org/page/InC/1.0/?language=en,"Lynch Annual Report Collection, University of Alberta Library",https://archive.org/details/larc,,
Simp1163_1975,https://archive.org/details/Simp1163_1975/mode/2up?view=theater,application/pdf,https://archive.org/services/img/Simp1163_1975,Simpson's Ltd (1975),Simpson's Ltd,Toronto ON,43.6532,-79.3832,1975,In Copyright,https://rightsstatements.org/page/InC/1.0/?language=en,"Lynch Annual Report Collection, University of Alberta Library",https://archive.org/details/larc,,
Simp1163_1976,https://archive.org/details/Simp1163_1976/mode/2up?view=theater,application/pdf,https://archive.org/services/img/Simp1163_1976,Simpson's Ltd (1976),Simpson's Ltd,Toronto ON,43.6532,-79.3832,1976,In Copyright,https://rightsstatements.org/page/InC/1.0/?language=en,"Lynch Annual Report Collection, University of Alberta Library",https://archive.org/details/larc,,
Simp1163_1977,https://archive.org/details/Simp1163_1977/mode/2up?view=theater,application/pdf,https://archive.org/services/img/Simp1163_1977,Simpson's Ltd (1977),Simpson's Ltd,Toronto ON,43.6532,-79.3832,1977,In Copyright,https://rightsstatements.org/page/InC/1.0/?language=en,"Lynch Annual Report Collection, University of Alberta Library",https://archive.org/details/larc,,
Simp1163_1978,https://archive.org/details/Simp1163_1978/mode/2up?view=theater,application/pdf,https://archive.org/services/img/Simp1163_1978,Simpson's Ltd (1978),Simpson's Ltd,Toronto ON,43.6532,-79.3832,1978,In Copyright,https://rightsstatements.org/page/InC/1.0/?language=en,"Lynch Annual Report Collection, University of Alberta Library",https://archive.org/details/larc,,
Simp1163_1978_0,https://archive.org/details/Simp1163_1978_0/mode/2up?view=theater,application/pdf,https://archive.org/services/img/Simp1163_1978_0,Simpson's Ltd (1978),Simpson's Ltd,Toronto ON,43.6532,-79.3832,1978,In Copyright,https://rightsstatements.org/page/InC/1.0/?language=en,"Lynch Annual Report Collection, University of Alberta Library",https://archive.org/details/larc,,
Simp1164_1965,https://archive.org/details/Simp1164_1965/mode/2up?view=theater,application/pdf,https://archive.org/services/img/Simp1164_1965,Simpsons-Sears Ltd (1965),Simpsons-Sears Ltd,Toronto ON,43.6532,-79.3832,1965,In Copyright,https://rightsstatements.org/page/InC/1.0/?language=en,"Lynch Annual Report Collection, University of Alberta Library",https://archive.org/details/larc,,
Simp1164_1966,https://archive.org/details/Simp1164_1966/mode/2up?view=theater,application/pdf,https://archive.org/services/img/Simp1164_1966,Simpsons-Sears Ltd (1966),Simpsons-Sears Ltd,Toronto ON,43.6532,-79.3832,1966,In Copyright,https://rightsstatements.org/page/InC/1.0/?language=en,"Lynch Annual Report Collection, University of Alberta Library",https://archive.org/details/larc,,
Simp1164_1967,https://archive.org/details/Simp1164_1967/mode/2up?view=theater,application/pdf,https://archive.org/services/img/Simp1164_1967,Simpsons-Sears Ltd (1967),Simpsons-Sears Ltd,Toronto ON,43.6532,-79.3832,1967,In Copyright,https://rightsstatements.org/page/InC/1.0/?language=en,"Lynch Annual Report Collection, University of Alberta Library",https://archive.org/details/larc,,
Simp1164_1968,https://archive.org/details/Simp1164_1968/mode/2up?view=theater,application/pdf,https://archive.org/services/img/Simp1164_1968,Simpsons-Sears Ltd (1968),Simpsons-Sears Ltd,Toronto ON,43.6532,-79.3832,1968,In Copyright,https://rightsstatements.org/page/InC/1.0/?language=en,"Lynch Annual Report Collection, University of Alberta Library",https://archive.org/details/larc,,
Simp1164_1969,https://archive.org/details/Simp1164_1969/mode/2up?view=theater,application/pdf,https://archive.org/services/img/Simp1164_1969,Simpsons-Sears Ltd (1969),Simpsons-Sears Ltd,Toronto ON,43.6532,-79.3832,1969,In Copyright,https://rightsstatements.org/page/InC/1.0/?language=en,"Lynch Annual Report Collection, University of Alberta Library",https://archive.org/details/larc,,
Simp1164_1972,https://archive.org/details/Simp1164_1972/mode/2up?view=theater,application/pdf,https://archive.org/services/img/Simp1164_1972,Simpsons-Sears Ltd (1972),Simpsons-Sears Ltd,Toronto ON,43.6532,-79.3832,1972,In Copyright,https://rightsstatements.org/page/InC/1.0/?language=en,"Lynch Annual Report Collection, University of Alberta Library",https://archive.org/details/larc,,
Simp1164_1973,https://archive.org/details/Simp1164_1973/mode/2up?view=theater,application/pdf,https://archive.org/services/img/Simp1164_1973,Simpsons-Sears Ltd (1973),Simpsons-Sears Ltd,Toronto ON,43.6532,-79.3832,1973,In Copyright,https://rightsstatements.org/page/InC/1.0/?language=en,"Lynch Annual Report Collection, University of Alberta Library",https://archive.org/details/larc,,
Simp1164_1974,https://archive.org/details/Simp1164_1974/mode/2up?view=theater,application/pdf,https://archive.org/services/img/Simp1164_1974,Simpsons-Sears Ltd (1974),Simpsons-Sears Ltd,Toronto ON,43.6532,-79.3832,1974,In Copyright,https://rightsstatements.org/page/InC/1.0/?language=en,"Lynch Annual Report Collection, University of Alberta Library",https://archive.org/details/larc,,
Simp1164_1975,https://archive.org/details/Simp1164_1975/mode/2up?view=theater,application/pdf,https://archive.org/services/img/Simp1164_1975,Simpsons-Sears Ltd (1975),Simpsons-Sears Ltd,Toronto ON,43.6532,-79.3832,1975,In Copyright,https://rightsstatements.org/page/InC/1.0/?language=en,"Lynch Annual Report Collection, University of Alberta Library",https://archive.org/details/larc,,
Simp1164_1976,https://archive.org/details/Simp1164_1976/mode/2up?view=theater,application/pdf,https://archive.org/services/img/Simp1164_1976,Simpsons-Sears Ltd (1976),Simpsons-Sears Ltd,Toronto ON,43.6532,-79.3832,1976,In Copyright,https://rightsstatements.org/page/InC/1.0/?language=en,"Lynch Annual Report Collection, University of Alberta Library",https://archive.org/details/larc,,
Simp1164_1977,https://archive.org/details/Simp1164_1977/mode/2up?view=theater,application/pdf,https://archive.org/services/img/Simp1164_1977,Simpsons-Sears Ltd (1977),Simpsons-Sears Ltd,Toronto ON,43.6532,-79.3832,1977,In Copyright,https://rightsstatements.org/page/InC/1.0/?language=en,"Lynch Annual Report Collection, University of Alberta Library",https://archive.org/details/larc,,
Simp1164_1978,https://archive.org/details/Simp1164_1978/mode/2up?view=theater,application/pdf,https://archive.org/services/img/Simp1164_1978,Simpsons-Sears Ltd (1978),Simpsons-Sears Ltd,Toronto ON,43.6532,-79.3832,1978,In Copyright,https://rightsstatements.org/page/InC/1.0/?language=en,"Lynch Annual Report Collection, University of Alberta Library",https://archive.org/details/larc,,
Simp1164_1979,https://archive.org/details/Simp1164_1979/mode/2up?view=theater,application/pdf,https://archive.org/services/img/Simp1164_1979,Simpsons-Sears Ltd (1979),Simpsons-Sears Ltd,Toronto ON,43.6532,-79.3832,1979,In Copyright,https://rightsstatements.org/page/InC/1.0/?language=en,"Lynch Annual Report Collection, University of Alberta Library",https://archive.org/details/larc,,
Simp1164_1980,https://archive.org/details/Simp1164_1980/mode/2up?view=theater,application/pdf,https://archive.org/services/img/Simp1164_1980,Simpsons-Sears Ltd (1980),Simpsons-Sears Ltd,Toronto ON,43.6532,-79.3832,1980,In Copyright,https://rightsstatements.org/page/InC/1.0/?language=en,"Lynch Annual Report Collection, University of Alberta Library",https://archive.org/details/larc,,
Simp4874_0000,https://archive.org/details/Simp4874_0000/mode/2up?view=theater,application/pdf,https://archive.org/services/img/Simp4874_0000,Simpsons-Sears Ltd (n.d.),Simpsons-Sears Ltd,Toronto ON,43.6532,-79.3832,,In Copyright,https://rightsstatements.org/page/InC/1.0/?language=en,"Lynch Annual Report Collection, University of Alberta Library",https://archive.org/details/larc,,
Sing1157_1964,https://archive.org/details/Sing1157_1964/mode/2up?view=theater,application/pdf,https://archive.org/services/img/Sing1157_1964,Singer Company (1964),Singer Company,New York NY,44.7093,-75.519,1964,In Copyright,https://rightsstatements.org/page/InC/1.0/?language=en,"Lynch Annual Report Collection, University of Alberta Library",https://archive.org/details/larc,,
Sing1157_1966,https://archive.org/details/Sing1157_1966/mode/2up?view=theater,application/pdf,https://archive.org/services/img/Sing1157_1966,Singer Company (1966),Singer Company,New York NY,44.7093,-75.519,1966,In Copyright,https://rightsstatements.org/page/InC/1.0/?language=en,"Lynch Annual Report Collection, University of Alberta Library",https://archive.org/details/larc,,
Sing1157_1967,https://archive.org/details/Sing1157_1967/mode/2up?view=theater,application/pdf,https://archive.org/services/img/Sing1157_1967,Singer Company (1967),Singer Company,New York NY,44.7093,-75.519,1967,In Copyright,https://rightsstatements.org/page/InC/1.0/?language=en,"Lynch Annual Report Collection, University of Alberta Library",https://archive.org/details/larc,,
Warn2341_1972,https://archive.org/details/Warn2341_1980/mode/2up?view=theater,application/pdf,https://archive.org/services/img/Warn2341_1972,Warnaco Inc (1972),Warnaco Inc,Bridgeport CN,41.1799,-73.1923,1972,In Copyright,https://rightsstatements.org/page/InC/1.0/?language=en,"Lynch Annual Report Collection, University of Alberta Library",https://archive.org/details/larc,,
Warn2341_1973,https://archive.org/details/Warn2341_1973/mode/2up?view=theater,application/pdf,https://archive.org/services/img/Warn2341_1973,Warnaco Inc (1973),Warnaco Inc,Bridgeport CN,41.1799,-73.1923,1973,In Copyright,https://rightsstatements.org/page/InC/1.0/?language=en,"Lynch Annual Report Collection, University of Alberta Library",https://archive.org/details/larc,,
Warn2341_1974,https://archive.org/details/Warn2341_1974/mode/2up?view=theater,application/pdf,https://archive.org/services/img/Warn2341_1974,Warnaco Inc (1974),Warnaco Inc,Bridgeport CN,41.1799,-73.1923,1974,In Copyright,https://rightsstatements.org/page/InC/1.0/?language=en,"Lynch Annual Report Collection, University of Alberta Library",https://archive.org/details/larc,,
Warn2341_1978,https://archive.org/details/Warn2341_1978/mode/2up?view=theater,application/pdf,https://archive.org/services/img/Warn2341_1978,Warnaco Inc (1978),Warnaco Inc,Bridgeport CN,41.1799,-73.1923,1978,In Copyright,https://rightsstatements.org/page/InC/1.0/?language=en,"Lynch Annual Report Collection, University of Alberta Library",https://archive.org/details/larc,,
Warn2341_1979,https://dn720205.ca.archive.org/0/items/Warn2341_1979/Warn2341_1979.pdf,application/pdf,https://archive.org/services/img/Warn2341_1979,Warnaco Inc (1979),Warnaco Inc,Bridgeport CN,41.1799,-73.1923,1979,In Copyright,https://rightsstatements.org/page/InC/1.0/?language=en,"Lynch Annual Report Collection, University of Alberta Library",https://archive.org/details/larc,,
Warn2341_1980,https://archive.org/details/Warn2341_1980,application/pdf,https://archive.org/services/img/Warn2341_1980,Warnaco Inc (1980),Warnaco Inc,Bridgeport CN,41.1799,-73.1923,1980,In Copyright,https://rightsstatements.org/page/InC/1.0/?language=en,"Lynch Annual Report Collection, University of Alberta Library",https://archive.org/details/larc,,
Warn2341_1981,https://dn720209.ca.archive.org/0/items/Warn2341_1981/Warn2341_1981.pdf,application/pdf,https://archive.org/services/img/Warn2341_1981,Warnaco Inc (1981),Warnaco Inc,Bridgeport CN,41.1799,-73.1923,1981,In Copyright,https://rightsstatements.org/page/InC/1.0/?language=en,"Lynch Annual Report Collection, University of Alberta Library",https://archive.org/details/larc,,
Warn2547_1973,https://archive.org/details/Warn2547_1973/mode/2up?view=theater,application/pdf,https://archive.org/services/img/Warn2547_1973,Warnaco of Canada Ltd (1973),Warnaco of Canada Ltd,Prescott ON,44.7093,-75.519,1973,In Copyright,https://rightsstatements.org/page/InC/1.0/?language=en,"Lynch Annual Report Collection, University of Alberta Library",https://archive.org/details/larc,,
Warn2547_1975,https://archive.org/details/Warn2547_1975/mode/2up?view=theater,application/pdf,https://archive.org/services/img/Warn2547_1975,Warnaco of Canada Ltd (1975),Warnaco of Canada Ltd,Prescott ON,44.7093,-75.519,1975,In Copyright,https://rightsstatements.org/page/InC/1.0/?language=en,"Lynch Annual Report Collection, University of Alberta Library",https://archive.org/details/larc,,
Warn2547_1976,https://archive.org/details/Warn2547_1976/mode/2up?view=theater,application/pdf,https://archive.org/services/img/Warn2547_1976,Warnaco of Canada Ltd (1976),Warnaco of Canada Ltd,Prescott ON,44.7093,-75.519,1976,In Copyright,https://rightsstatements.org/page/InC/1.0/?language=en,"Lynch Annual Report Collection, University of Alberta Library",https://archive.org/details/larc,,
Warn2547_1977,https://archive.org/details/Warn2547_1977/mode/2up?view=theater,application/pdf,https://archive.org/services/img/Warn2547_1977,Warnaco of Canada Ltd (1977),Warnaco of Canada Ltd,Prescott ON,44.7093,-75.519,1977,In Copyright,https://rightsstatements.org/page/InC/1.0/?language=en,"Lynch Annual Report Collection, University of Alberta Library",https://archive.org/details/larc,,
Zell0046_1948,https://archive.org/details/Zell0046_1948/mode/2up?view=theater,application/pdf,https://archive.org/services/img/Zell0046_1948,Zeller's Ltd (1948),Zeller's Ltd,Montreal QC,45.5019,-73.5674,1948,In Copyright,https://rightsstatements.org/page/InC/1.0/?language=en,"Lynch Annual Report Collection, University of Alberta Library",https://archive.org/details/larc,,
Zell0046_1966,https://archive.org/details/Zell0046_1966/mode/2up?view=theater,application/pdf,https://archive.org/services/img/Zell0046_1966,Zeller's Ltd (1966),Zeller's Ltd,Montreal QC,45.5019,-73.5674,1966,In Copyright,https://rightsstatements.org/page/InC/1.0/?language=en,"Lynch Annual Report Collection, University of Alberta Library",https://archive.org/details/larc,,
Zell0046_1967,https://archive.org/details/Zell0046_1967/mode/2up?view=theater,application/pdf,https://archive.org/services/img/Zell0046_1967,Zeller's Ltd (1967),Zeller's Ltd,Montreal QC,45.5019,-73.5674,1967,In Copyright,https://rightsstatements.org/page/InC/1.0/?language=en,"Lynch Annual Report Collection, University of Alberta Library",https://archive.org/details/larc,,
Zell0046_1968,https://archive.org/details/Zell0046_1968/mode/2up?view=theater,application/pdf,https://archive.org/services/img/Zell0046_1968,Zeller's Ltd (1968),Zeller's Ltd,Montreal QC,45.5019,-73.5674,1968,In Copyright,https://rightsstatements.org/page/InC/1.0/?language=en,"Lynch Annual Report Collection, University of Alberta Library",https://archive.org/details/larc,,
Zell0046_1969,https://archive.org/details/Zell0046_1969/mode/2up?view=theater,application/pdf,https://archive.org/services/img/Zell0046_1969,Zeller's Ltd (1969),Zeller's Ltd,Montreal QC,45.5019,-73.5674,1969,In Copyright,https://rightsstatements.org/page/InC/1.0/?language=en,"Lynch Annual Report Collection, University of Alberta Library",https://archive.org/details/larc,,
Zell0046_1970_0,https://archive.org/details/Zell0046_1970_0/mode/2up?view=theater,application/pdf,https://archive.org/services/img/Zell0046_1970_0,Zeller's Ltd (1970),Zeller's Ltd,Montreal QC,45.5019,-73.5674,1970,In Copyright,https://rightsstatements.org/page/InC/1.0/?language=en,"Lynch Annual Report Collection, University of Alberta Library",https://archive.org/details/larc,,
Zell0046_1971,https://archive.org/details/Zell0046_1971/mode/2up?view=theater,application/pdf,https://archive.org/services/img/Zell0046_1971,Zeller's Ltd (1971),Zeller's Ltd,Montreal QC,45.5019,-73.5674,1971,In Copyright,https://rightsstatements.org/page/InC/1.0/?language=en,"Lynch Annual Report Collection, University of Alberta Library",https://archive.org/details/larc,,
Zell0046_1972,https://archive.org/details/Zell0046_1972/mode/2up?view=theater,application/pdf,https://archive.org/services/img/Zell0046_1972,Zeller's Ltd (1972),Zeller's Ltd,Montreal QC,45.5019,-73.5674,1972,In Copyright,https://rightsstatements.org/page/InC/1.0/?language=en,"Lynch Annual Report Collection, University of Alberta Library",https://archive.org/details/larc,,
Zell0046_1973,https://archive.org/details/Zell0046_1973/mode/2up?view=theater,application/pdf,https://archive.org/services/img/Zell0046_1973,Zeller's Ltd (1973),Zeller's Ltd,Montreal QC,45.5019,-73.5674,1973,In Copyright,https://rightsstatements.org/page/InC/1.0/?language=en,"Lynch Annual Report Collection, University of Alberta Library",https://archive.org/details/larc,,
Zell0046_1974,https://archive.org/details/Zell0046_1974/mode/2up?view=theater,application/pdf,https://archive.org/services/img/Zell0046_1974,Zeller's Ltd (1974),Zeller's Ltd,Montreal QC,45.5019,-73.5674,1974,In Copyright,https://rightsstatements.org/page/InC/1.0/?language=en,"Lynch Annual Report Collection, University of Alberta Library",https://archive.org/details/larc,,
Zell0046_1975,https://archive.org/details/Zell0046_1975/mode/2up?view=theater,application/pdf,https://archive.org/services/img/Zell0046_1975,Zeller's Ltd (1975),Zeller's Ltd,Montreal QC,45.5019,-73.5674,1975,In Copyright,https://rightsstatements.org/page/InC/1.0/?language=en,"Lynch Annual Report Collection, University of Alberta Library",https://archive.org/details/larc,,
Zell0046_1976,https://archive.org/details/Zell0046_1976/mode/2up?view=theater,application/pdf,https://archive.org/services/img/Zell0046_1976,Zeller's Ltd (1976),Zeller's Ltd,Montreal QC,45.5019,-73.5674,1976,In Copyright,https://rightsstatements.org/page/InC/1.0/?language=en,"Lynch Annual Report Collection, University of Alberta Library",https://archive.org/details/larc,,
Zell0046_1977,https://archive.org/details/Zell0046_1977/mode/2up?view=theater,application/pdf,https://archive.org/services/img/Zell0046_1977,Zeller's Ltd (1977),Zeller's Ltd,Montreal QC,45.5019,-73.5674,1977,In Copyright,https://rightsstatements.org/page/InC/1.0/?language=en,"Lynch Annual Report Collection, University of Alberta Library",https://archive.org/details/larc,,